date,date,open,high,low,close,volume,doji,doji_star,complete_doji,complete_doji_idx,trend_line,rsi,rsi70,rsi30,above_trend,below_trend,five_max,five_min,Five_max_list,Five_min_list
01/02/2019 05:00:00,2019-02-01 05:00:00,1.1269,1.1269,1.1261,1.1267,4946,0.0,0.0,0.0,0,0.0,0.0,0.0,,0.0,0.0,0,0,0.0,0.0
02/01/2019 06:00:00,2019-01-02 06:00:00,1.1267,1.1271,1.1263,1.1264,7824,0.0,0.0,0.0,0,0.0,0.0,0.0,,0.0,0.0,0,0,0.0,0.0
02/01/2019 07:00:00,2019-01-02 07:00:00,1.1265,1.1265,1.1234,1.1236,15049,0.0,0.0,0.0,0,0.0,0.0,0.0,,0.0,0.0,0,0,0.0,0.0
02/01/2019 08:00:00,2019-01-02 08:00:00,1.1236,1.1246,1.1226,1.1246,13246,0.0,0.0,0.0,0,0.0,0.0,0.0,,0.0,0.0,0,0,0.0,0.0
02/01/2019 09:00:00,2019-01-02 09:00:00,1.1246,1.1258,1.1242,1.1257,8082,0.0,0.0,0.0,0,0.0,0.0,0.0,,0.0,0.0,0,0,0.0,0.0
02/01/2019 10:00:00,2019-01-02 10:00:00,1.1257,1.1262,1.1254,1.1256,8234,0.0,0.0,0.0,0,0.0,0.0,0.0,,0.0,0.0,0,0,0.0,0.0
02/01/2019 11:00:00,2019-01-02 11:00:00,1.1256,1.1258,1.1242,1.1243,8500,0.0,0.0,0.0,0,0.0,0.0,0.0,,0.0,0.0,0,0,0.0,0.0
02/01/2019 12:00:00,2019-01-02 12:00:00,1.1242,1.1243,1.1231,1.1238,17499,0.0,0.0,0.0,0,0.0,29.577464788731824,0.0,29.577464788731824,0.0,0.0,0,0,0.0,0.0
02/01/2019 13:00:00,2019-01-02 13:00:00,1.1238,1.1246,1.123,1.123,21078,0.0,0.0,0.0,0,0.0,26.14107883817415,0.0,26.14107883817415,0.0,0.0,0,0,1.1246,0.0
02/01/2019 14:00:00,2019-01-02 14:00:00,1.1231,1.1238,1.1221,1.1222,24452,0.0,0.0,0.0,0,0.0,23.020706455542214,0.0,23.020706455542214,0.0,0.0,0,0,1.1238,0.0
02/01/2019 15:00:00,2019-01-02 15:00:00,1.1222,1.1231,1.1221,1.1227,13645,0.0,0.0,0.0,0,0.0,29.184369018161068,0.0,29.184369018161068,0.0,0.0,0,0,1.1231,0.0
02/01/2019 16:00:00,2019-01-02 16:00:00,1.1227,1.1228,1.1218,1.1226,13864,1.1226,1.1226,1.1226,02/01/2019 16:00:00,0.0,28.649123477064954,0.0,28.649123477064954,1.1226,0.0,1,0,1.1228,0.0
02/01/2019 17:00:00,2019-01-02 17:00:00,1.1227,1.1236,1.1219,1.1231,10630,0.0,0.0,0.0,0,0.0,35.544808947412974,0.0,0.0,0.0,0.0,0,0,0.0,0.0
02/01/2019 18:00:00,2019-01-02 18:00:00,1.1231,1.1243,1.1231,1.1238,9726,0.0,0.0,0.0,0,0.0,44.33214864585768,0.0,0.0,0.0,0.0,0,0,0.0,0.0
02/01/2019 19:00:00,2019-01-02 19:00:00,1.1238,1.1239,1.1233,1.1234,9462,0.0,0.0,0.0,0,0.0,40.638575276193016,0.0,0.0,0.0,0.0,0,0,0.0,0.0
02/01/2019 20:00:00,2019-01-02 20:00:00,1.1234,1.1237,1.1229,1.123,3662,0.0,0.0,0.0,0,0.0,37.03837497911485,0.0,0.0,0.0,0.0,0,0,0.0,0.0
02/01/2019 21:00:00,2019-01-02 21:00:00,1.123,1.1233,1.1183,1.1197,10104,0.0,0.0,0.0,0,0.0,19.991721757872195,0.0,19.991721757872195,0.0,0.0,0,0,1.1233,0.0
02/01/2019 22:00:00,2019-01-02 22:00:00,1.1197,1.1213,1.1184,1.119,14013,0.0,0.0,0.0,0,0.0,17.947525153002697,0.0,17.947525153002697,0.0,0.0,0,0,1.1213,0.0
02/01/2019 23:00:00,2019-01-02 23:00:00,1.1191,1.1213,1.1188,1.1205,7235,0.0,0.0,0.0,0,0.0,34.652365947214896,0.0,0.0,0.0,0.0,0,0,1.1213,0.0
03/01/2019 00:00:00,2019-01-03 00:00:00,1.1205,1.1209,1.1197,1.1205,4953,1.1205,0.0,1.1205,03/01/2019 00:00:00,0.0,34.652365947214896,0.0,0.0,1.1205,0.0,1,0,1.1209,0.0
03/01/2019 01:00:00,2019-01-03 01:00:00,1.1205,1.1219,1.1205,1.1212,5042,0.0,0.0,0.0,0,0.0,42.135190219227034,0.0,0.0,0.0,0.0,0,0,0.0,0.0
03/01/2019 02:00:00,2019-01-03 02:00:00,1.1212,1.1222,1.121,1.1215,4240,0.0,0.0,0.0,0,0.0,45.268770916952604,0.0,0.0,0.0,0.0,0,0,0.0,0.0
03/01/2019 03:00:00,2019-01-03 03:00:00,1.1215,1.1216,1.1212,1.1212,2075,0.0,0.0,0.0,0,0.0,42.57868944597742,0.0,0.0,0.0,0.0,0,0,0.0,0.0
03/01/2019 04:00:00,2019-01-03 04:00:00,1.1212,1.1213,1.12,1.1204,4111,0.0,0.0,0.0,0,0.0,35.93512165046566,0.0,0.0,0.0,0.0,0,0,0.0,0.0
03/01/2019 05:00:00,2019-01-03 05:00:00,1.1204,1.1206,1.1194,1.1202,3776,0.0,0.0,0.0,0,0.0,34.370939647111584,0.0,0.0,0.0,0.0,0,0,0.0,0.0
03/01/2019 06:00:00,2019-01-03 06:00:00,1.1202,1.1221,1.12,1.1218,11957,0.0,0.0,0.0,0,0.0,53.33080509395055,0.0,0.0,0.0,0.0,0,0,0.0,0.0
03/01/2019 07:00:00,2019-01-03 07:00:00,1.1218,1.1231,1.1215,1.1221,16789,0.0,0.0,0.0,0,0.0,56.10479098411565,0.0,0.0,0.0,0.0,0,0,0.0,0.0
03/01/2019 08:00:00,2019-01-03 08:00:00,1.122,1.1231,1.1217,1.1223,10724,0.0,0.0,0.0,0,0.0,58.04442224659603,0.0,0.0,0.0,0.0,0,0,1.1231,0.0
03/01/2019 09:00:00,2019-01-03 09:00:00,1.1222,1.1238,1.1218,1.1234,9547,0.0,0.0,0.0,0,0.0,67.31255936862138,0.0,0.0,0.0,0.0,0,0,1.1238,0.0
03/01/2019 10:00:00,2019-01-03 10:00:00,1.1234,1.1236,1.1218,1.1223,10277,0.0,0.0,0.0,0,0.0,53.519475350999414,0.0,0.0,0.0,0.0,0,0,1.1236,0.0
03/01/2019 11:00:00,2019-01-03 11:00:00,1.1223,1.1228,1.1221,1.1223,7501,1.1223,0.0,1.1223,03/01/2019 11:00:00,0.0,53.519475350999414,0.0,0.0,1.1223,0.0,1,0,1.1228,0.0
03/01/2019 12:00:00,2019-01-03 12:00:00,1.1223,1.1233,1.1216,1.1233,16183,0.0,0.0,0.0,0,0.0,62.920929127218336,0.0,0.0,0.0,0.0,0,0,1.1233,0.0
03/01/2019 13:00:00,2019-01-03 13:00:00,1.1233,1.1248,1.1233,1.1241,18617,0.0,0.0,0.0,0,0.0,68.8091943420995,0.0,0.0,0.0,0.0,0,0,1.1248,0.0
03/01/2019 14:00:00,2019-01-03 14:00:00,1.1241,1.1271,1.1231,1.127,48849,0.0,0.0,0.0,0,0.0,81.34079344096095,81.34079344096095,0.0,0.0,0.0,0,0,1.1271,0.0
03/01/2019 15:00:00,2019-01-03 15:00:00,1.127,1.1276,1.1265,1.127,34854,1.127,0.0,1.127,03/01/2019 15:00:00,0.0,81.34079344096094,81.34079344096094,0.0,1.127,0.0,1,0,1.1276,0.0
03/01/2019 16:00:00,2019-01-03 16:00:00,1.127,1.1275,1.1266,1.1273,17126,0.0,0.0,0.0,0,0.0,82.3398522835195,82.3398522835195,0.0,0.0,0.0,0,0,0.0,0.0
03/01/2019 17:00:00,2019-01-03 17:00:00,1.1273,1.1277,1.1265,1.1275,12319,0.0,0.0,0.0,0,0.0,83.04589081337092,83.04589081337092,0.0,0.0,0.0,0,0,0.0,0.0
03/01/2019 18:00:00,2019-01-03 18:00:00,1.1275,1.1278,1.1264,1.1264,12590,0.0,0.0,0.0,0,0.0,66.09128350900177,0.0,0.0,0.0,0.0,0,0,1.1278,0.0
03/01/2019 19:00:00,2019-01-03 19:00:00,1.1264,1.1266,1.126,1.1261,12661,0.0,0.0,0.0,0,0.0,62.059883412995,0.0,0.0,0.0,0.0,0,0,1.1266,0.0
03/01/2019 20:00:00,2019-01-03 20:00:00,1.1261,1.1261,1.124,1.1243,5066,0.0,0.0,0.0,0,0.0,43.49030005115636,0.0,0.0,0.0,0.0,0,0,1.1261,0.0
03/01/2019 21:00:00,2019-01-03 21:00:00,1.1243,1.1245,1.1236,1.1243,6895,1.1243,0.0,1.1243,03/01/2019 21:00:00,0.0,43.49030005115636,0.0,0.0,1.1243,0.0,1,0,1.1245,0.0
03/01/2019 22:00:00,2019-01-03 22:00:00,1.1244,1.1251,1.1242,1.1246,4251,0.0,0.0,0.0,0,0.0,47.082285836674984,0.0,0.0,0.0,0.0,0,0,0.0,0.0
03/01/2019 23:00:00,2019-01-03 23:00:00,1.1246,1.1251,1.1245,1.1248,4147,0.0,0.0,0.0,0,0.0,49.575221867850075,0.0,0.0,0.0,0.0,0,0,0.0,0.0
04/01/2019 00:00:00,2019-01-04 00:00:00,1.1248,1.125,1.1241,1.125,3455,0.0,0.0,0.0,0,0.0,52.202247580320936,0.0,0.0,0.0,0.0,0,0,0.0,0.0
04/01/2019 01:00:00,2019-01-04 01:00:00,1.125,1.1253,1.1246,1.1246,1620,0.0,0.0,0.0,0,0.0,46.54424544602189,0.0,0.0,0.0,0.0,0,0,0.0,0.0
04/01/2019 02:00:00,2019-01-04 02:00:00,1.1246,1.1253,1.1243,1.125,2107,0.0,0.0,0.0,0,0.0,52.54496085706466,0.0,0.0,0.0,0.0,0,0,0.0,0.0
04/01/2019 03:00:00,2019-01-04 03:00:00,1.125,1.1255,1.1248,1.1253,1945,0.0,0.0,0.0,0,0.0,56.78928079879682,0.0,0.0,0.0,0.0,0,0,0.0,0.0
04/01/2019 04:00:00,2019-01-04 04:00:00,1.1253,1.1253,1.1244,1.1245,1576,0.0,0.0,0.0,0,0.0,44.42722972531032,0.0,0.0,0.0,0.0,0,0,0.0,0.0
04/01/2019 05:00:00,2019-01-04 05:00:00,1.1245,1.1245,1.1239,1.1243,1994,0.0,0.0,0.0,0,0.0,41.77490649149333,0.0,0.0,0.0,0.0,0,0,0.0,0.0
04/01/2019 06:00:00,2019-01-04 06:00:00,1.1243,1.1257,1.1239,1.1257,6624,0.0,0.0,0.0,0,0.0,60.858480899784574,0.0,0.0,0.0,0.0,0,0,0.0,0.0
04/01/2019 07:00:00,2019-01-04 07:00:00,1.1257,1.1258,1.1246,1.1248,8203,0.0,0.0,0.0,0,0.0,48.85028214129115,0.0,0.0,0.0,0.0,0,0,1.1258,0.0
04/01/2019 08:00:00,2019-01-04 08:00:00,1.1249,1.1258,1.1245,1.1254,8366,0.0,0.0,0.0,0,0.0,55.655636121367955,0.0,0.0,0.0,0.0,0,0,1.1258,0.0
04/01/2019 09:00:00,2019-01-04 09:00:00,1.1254,1.1269,1.1254,1.1262,8996,0.0,0.0,0.0,0,0.0,63.25955414183757,0.0,0.0,0.0,0.0,0,0,1.1269,0.0
04/01/2019 10:00:00,2019-01-04 10:00:00,1.1262,1.1267,1.1259,1.1263,6211,1.1263,0.0,1.1263,04/01/2019 10:00:00,0.0,64.15589569816416,0.0,0.0,1.1263,0.0,1,0,1.1267,0.0
04/01/2019 11:00:00,2019-01-04 11:00:00,1.1263,1.1267,1.1256,1.1259,6360,0.0,0.0,0.0,0,0.0,57.59828754608386,0.0,0.0,0.0,0.0,0,0,0.0,0.0
04/01/2019 12:00:00,2019-01-04 12:00:00,1.1258,1.1259,1.1247,1.1249,23173,0.0,0.0,0.0,0,0.0,44.370434319318235,0.0,0.0,0.0,0.0,0,0,0.0,0.0
04/01/2019 13:00:00,2019-01-04 13:00:00,1.1249,1.1252,1.1235,1.1238,23703,0.0,0.0,0.0,0,0.0,34.27011988078233,0.0,0.0,0.0,0.0,0,0,0.0,0.0
04/01/2019 14:00:00,2019-01-04 14:00:00,1.1239,1.1259,1.1231,1.1246,37692,0.0,0.0,0.0,0,0.0,44.91043826409181,0.0,0.0,0.0,0.0,0,0,1.1259,0.0
04/01/2019 15:00:00,2019-01-04 15:00:00,1.1246,1.1256,1.1246,1.125,22215,0.0,0.0,0.0,0,0.0,49.663681371067156,0.0,0.0,0.0,0.0,0,0,1.1256,0.0
04/01/2019 16:00:00,2019-01-04 16:00:00,1.125,1.125,1.1238,1.1246,13906,0.0,0.0,0.0,0,0.0,45.12162774352997,0.0,0.0,0.0,0.0,0,0,1.125,0.0
04/01/2019 17:00:00,2019-01-04 17:00:00,1.1246,1.1253,1.1244,1.1246,8124,1.1246,0.0,1.1246,04/01/2019 17:00:00,0.0,45.12162774352997,0.0,0.0,1.1246,0.0,1,0,1.1253,0.0
04/01/2019 18:00:00,2019-01-04 18:00:00,1.1246,1.1248,1.1239,1.1244,11761,0.0,0.0,0.0,0,0.0,42.477766803897,0.0,0.0,0.0,0.0,0,0,0.0,1.1239
04/01/2019 19:00:00,2019-01-04 19:00:00,1.1244,1.125,1.1244,1.1247,5385,0.0,0.0,0.0,0,0.0,47.82751590455644,0.0,0.0,0.0,0.0,0,0,0.0,1.1244
04/01/2019 20:00:00,2019-01-04 20:00:00,1.1247,1.1249,1.1241,1.1243,3045,0.0,0.0,0.0,0,1.1249038632034636,41.78274105040683,0.0,0.0,0.0,0.0,0,0,0.0,1.1241
04/01/2019 21:00:00,2019-01-04 21:00:00,1.1241,1.1243,1.1241,1.1242,11,1.1242,0.0,1.1242,04/01/2019 21:00:00,1.1248764363636368,40.29726823238424,0.0,0.0,0.0,1.1242,0,1,0.0,1.1241
04/01/2019 22:00:00,2019-01-04 22:00:00,1.1227,1.1227,1.1227,1.1227,2,1.1227,0.0,1.1227,04/01/2019 22:00:00,1.1248283481481485,24.841652469153004,0.0,24.841652469153004,0.0,1.1227,0,1,0.0,1.1227
06/01/2019 21:00:00,2019-01-06 21:00:00,1.1234,1.1244,1.123,1.1237,49,0.0,0.0,0.0,0,1.1247879703703707,42.11058208715561,0.0,0.0,0.0,0.0,0,0,0.0,0.0
06/01/2019 22:00:00,2019-01-06 22:00:00,1.1251,1.126,1.1248,1.1249,6969,0.0,0.0,0.0,0,1.1247649470899472,56.199933519556836,0.0,0.0,0.0,0.0,0,0,0.0,1.1248
06/01/2019 23:00:00,2019-01-06 23:00:00,1.1249,1.1249,1.1241,1.1241,3268,0.0,0.0,0.0,0,1.1247451518883418,47.25468826388185,0.0,0.0,0.0,0.0,0,0,0.0,1.1241
07/01/2019 00:00:00,2019-01-07 00:00:00,1.1241,1.1247,1.1239,1.1242,2679,0.0,0.0,0.0,0,1.1247358739281155,48.45123998576163,0.0,0.0,0.0,0.0,0,0,0.0,1.1239
07/01/2019 01:00:00,2019-01-07 01:00:00,1.1242,1.1243,1.1241,1.1242,1538,1.1242,0.0,1.1242,07/01/2019 01:00:00,1.1247253571428573,48.45123998576164,0.0,0.0,0.0,1.1242,0,1,0.0,1.1241
07/01/2019 02:00:00,2019-01-07 02:00:00,1.1242,1.1244,1.124,1.1244,2209,0.0,0.0,0.0,0,1.124714091954023,51.44947140030974,0.0,0.0,0.0,0.0,0,0,0.0,0.0
07/01/2019 03:00:00,2019-01-07 03:00:00,1.1244,1.1249,1.1243,1.1245,2349,0.0,0.0,0.0,0,1.1247038505747127,53.042660065867544,0.0,0.0,0.0,0.0,0,0,0.0,0.0
07/01/2019 04:00:00,2019-01-07 04:00:00,1.1245,1.1246,1.1241,1.1246,1335,0.0,0.0,0.0,0,1.1246920459770116,54.774099321034264,0.0,0.0,0.0,0.0,0,0,0.0,0.0
07/01/2019 05:00:00,2019-01-07 05:00:00,1.1246,1.1247,1.1237,1.1238,2422,0.0,0.0,0.0,0,1.1246743333333336,40.7501637535675,0.0,0.0,0.0,0.0,0,0,0.0,0.0
07/01/2019 06:00:00,2019-01-07 06:00:00,1.1238,1.1253,1.1234,1.1253,8498,0.0,0.0,0.0,0,1.124666666666667,62.021052922465344,0.0,0.0,0.0,0.0,0,0,0.0,1.1234
07/01/2019 07:00:00,2019-01-07 07:00:00,1.1253,1.1255,1.124,1.1249,9998,0.0,0.0,0.0,0,1.1246576666666668,55.78988469913614,0.0,0.0,0.0,0.0,0,0,0.0,1.124
07/01/2019 08:00:00,2019-01-07 08:00:00,1.1249,1.1251,1.124,1.1241,6871,0.0,0.0,0.0,0,1.124647666666667,45.19497465586007,0.0,0.0,0.0,0.0,0,0,0.0,1.124
07/01/2019 09:00:00,2019-01-07 09:00:00,1.1241,1.1245,1.1234,1.1241,5384,1.1241,0.0,1.1241,07/01/2019 09:00:00,1.1246393333333335,45.19497465586007,0.0,0.0,0.0,1.1241,0,1,0.0,1.1234
07/01/2019 10:00:00,2019-01-07 10:00:00,1.1241,1.1242,1.1232,1.1234,4469,0.0,0.0,0.0,0,1.1246026666666669,36.85852089879043,0.0,0.0,0.0,0.0,0,0,0.0,1.1232
07/01/2019 11:00:00,2019-01-07 11:00:00,1.1234,1.1236,1.1228,1.1229,7747,0.0,0.0,0.0,0,1.124551666666667,31.94774455104446,0.0,0.0,0.0,0.0,0,0,0.0,1.1228
07/01/2019 12:00:00,2019-01-07 12:00:00,1.1229,1.1234,1.1226,1.123,12543,0.0,0.0,0.0,0,1.124484666666667,33.99954887818751,0.0,0.0,0.0,0.0,0,0,0.0,1.1226
07/01/2019 13:00:00,2019-01-07 13:00:00,1.123,1.1239,1.1229,1.1231,13172,1.1231,0.0,1.1231,07/01/2019 13:00:00,1.1243990000000001,36.24225892775418,0.0,0.0,0.0,1.1231,0,1,0.0,1.1229
07/01/2019 14:00:00,2019-01-07 14:00:00,1.1231,1.1255,1.1225,1.1254,21751,0.0,0.0,0.0,0,1.1243336666666668,66.65045891439287,0.0,0.0,0.0,0.0,0,0,0.0,0.0
07/01/2019 15:00:00,2019-01-07 15:00:00,1.1253,1.1257,1.1241,1.1248,14178,0.0,0.0,0.0,0,1.1242813333333335,58.20219692714142,0.0,0.0,0.0,0.0,0,0,0.0,0.0
07/01/2019 16:00:00,2019-01-07 16:00:00,1.1248,1.125,1.1237,1.125,8109,0.0,0.0,0.0,0,1.1242553333333336,60.16576622049078,0.0,0.0,0.0,0.0,0,0,0.0,0.0
07/01/2019 17:00:00,2019-01-07 17:00:00,1.125,1.1255,1.1246,1.1247,8110,0.0,0.0,0.0,0,1.1242580000000002,55.595218317057984,0.0,0.0,0.0,0.0,0,0,0.0,0.0
07/01/2019 18:00:00,2019-01-07 18:00:00,1.1247,1.1251,1.1244,1.1245,5816,0.0,0.0,0.0,0,1.124262666666667,52.49365159528239,0.0,0.0,0.0,0.0,0,0,0.0,0.0
07/01/2019 19:00:00,2019-01-07 19:00:00,1.1245,1.1246,1.1241,1.1243,4905,0.0,0.0,0.0,0,1.1242537931034486,49.28581373178,0.0,0.0,0.0,0.0,0,0,0.0,0.0
07/01/2019 20:00:00,2019-01-07 20:00:00,1.1242,1.1243,1.1239,1.124,1790,0.0,0.0,0.0,0,1.1242371954022992,44.52434226618601,0.0,0.0,0.0,0.0,0,0,0.0,0.0
07/01/2019 21:00:00,2019-01-07 21:00:00,1.1241,1.1244,1.1235,1.1243,3960,0.0,0.0,0.0,0,1.1242221724137935,50.14369312387652,0.0,0.0,0.0,0.0,0,0,0.0,0.0
07/01/2019 22:00:00,2019-01-07 22:00:00,1.1243,1.1243,1.1237,1.1241,4476,0.0,0.0,0.0,0,1.1242051724137934,46.48167109100223,0.0,0.0,0.0,0.0,0,0,0.0,1.1237
07/01/2019 23:00:00,2019-01-07 23:00:00,1.1241,1.1246,1.1237,1.1237,3124,0.0,0.0,0.0,0,1.1241874876847293,39.714188941083975,0.0,0.0,0.0,0.0,0,0,0.0,1.1237
08/01/2019 00:00:00,2019-01-08 00:00:00,1.1237,1.1239,1.1228,1.1229,4479,0.0,0.0,0.0,0,1.1241863596971355,29.64363035874798,0.0,29.64363035874798,0.0,0.0,0,0,0.0,1.1228
08/01/2019 01:00:00,2019-01-08 01:00:00,1.1229,1.1235,1.1228,1.1229,3008,1.1229,0.0,1.1229,08/01/2019 01:00:00,1.1241580070312829,29.64363035874798,0.0,29.64363035874798,0.0,1.1229,0,1,0.0,1.1228
08/01/2019 02:00:00,2019-01-08 02:00:00,1.1229,1.1233,1.1226,1.1233,2582,0.0,0.0,0.0,0,1.1241177401302402,39.99827465987394,0.0,0.0,0.0,0.0,0,0,0.0,0.0
08/01/2019 03:00:00,2019-01-08 03:00:00,1.1233,1.1236,1.1228,1.123,2576,0.0,0.0,0.0,0,1.1240544097609315,35.43504055238034,0.0,0.0,0.0,0.0,0,0,0.0,0.0
08/01/2019 04:00:00,2019-01-08 04:00:00,1.123,1.123,1.1226,1.1229,2115,0.0,0.0,0.0,0,1.1239696437620352,33.92969241612217,0.0,0.0,0.0,0.0,0,0,0.0,0.0
08/01/2019 05:00:00,2019-01-08 05:00:00,1.1229,1.1231,1.1226,1.1227,2248,0.0,0.0,0.0,0,1.1238702625635235,30.86974577555402,0.0,0.0,0.0,0.0,0,0,0.0,1.1226
08/01/2019 06:00:00,2019-01-08 06:00:00,1.1227,1.1231,1.122,1.1224,9504,0.0,0.0,0.0,0,1.1237742330133635,26.66187271349876,0.0,26.66187271349876,0.0,0.0,0,0,0.0,1.122
08/01/2019 07:00:00,2019-01-08 07:00:00,1.1224,1.1235,1.122,1.1227,7734,0.0,0.0,0.0,0,1.1237183939393938,36.72451130346732,0.0,0.0,0.0,0.0,0,0,0.0,1.122
08/01/2019 08:00:00,2019-01-08 08:00:00,1.1227,1.1232,1.1223,1.1227,5776,1.1227,0.0,1.1227,08/01/2019 08:00:00,1.123697880952381,36.72451130346731,0.0,0.0,0.0,1.1227,0,1,0.0,1.1223
08/01/2019 09:00:00,2019-01-08 09:00:00,1.1227,1.1229,1.1222,1.1226,7222,0.0,0.0,0.0,0,1.1236361478696744,34.57231050422458,0.0,0.0,0.0,0.0,0,0,0.0,0.0
08/01/2019 10:00:00,2019-01-08 10:00:00,1.1226,1.1234,1.1224,1.123,6748,0.0,0.0,0.0,0,1.1235574473684211,48.623118106466045,0.0,0.0,0.0,0.0,0,0,0.0,0.0
08/01/2019 11:00:00,2019-01-08 11:00:00,1.123,1.1235,1.1223,1.1233,7084,0.0,0.0,0.0,0,1.1234652631578945,56.750156263033745,0.0,0.0,0.0,0.0,0,0,0.0,0.0
08/01/2019 12:00:00,2019-01-08 12:00:00,1.1233,1.1238,1.1228,1.1232,15628,0.0,0.0,0.0,0,1.1233731578947368,53.46140905996101,0.0,0.0,0.0,0.0,0,0,0.0,0.0
08/01/2019 13:00:00,2019-01-08 13:00:00,1.1232,1.1236,1.1225,1.1228,11223,0.0,0.0,0.0,0,1.1232863157894737,42.08103320836727,0.0,0.0,0.0,0.0,0,0,0.0,0.0
08/01/2019 14:00:00,2019-01-08 14:00:00,1.1228,1.1231,1.1222,1.1229,15096,0.0,0.0,0.0,0,1.1232052631578946,45.46685097422351,0.0,0.0,0.0,0.0,0,0,0.0,0.0
08/01/2019 15:00:00,2019-01-08 15:00:00,1.123,1.123,1.1221,1.1228,10783,0.0,0.0,0.0,0,1.1231321052631578,42.56395459057355,0.0,0.0,0.0,0.0,0,0,0.0,0.0
08/01/2019 16:00:00,2019-01-08 16:00:00,1.1228,1.1235,1.1225,1.1234,6650,0.0,0.0,0.0,0,1.1230962105263158,60.304754296691534,0.0,0.0,0.0,0.0,0,0,0.0,0.0
08/01/2019 17:00:00,2019-01-08 17:00:00,1.1234,1.1236,1.1227,1.1228,5920,0.0,0.0,0.0,0,1.1230512631578948,44.33002713796716,0.0,0.0,0.0,0.0,0,0,0.0,0.0
08/01/2019 18:00:00,2019-01-08 18:00:00,1.1228,1.1229,1.1225,1.1227,4607,0.0,0.0,0.0,0,1.1229978157894738,42.15851271848567,0.0,0.0,0.0,0.0,0,0,0.0,0.0
08/01/2019 19:00:00,2019-01-08 19:00:00,1.1227,1.1231,1.1227,1.1228,3708,0.0,0.0,0.0,0,1.1229455000000004,45.28541711252114,0.0,0.0,0.0,0.0,0,0,0.0,0.0
08/01/2019 20:00:00,2019-01-08 20:00:00,1.1228,1.1231,1.1227,1.1227,2340,0.0,0.0,0.0,0,1.1229065000000003,42.59872126834855,0.0,0.0,0.0,0.0,0,0,0.0,0.0
08/01/2019 21:00:00,2019-01-08 21:00:00,1.1227,1.123,1.1222,1.1228,2498,0.0,0.0,0.0,0,1.1228855000000002,46.31461265903498,0.0,0.0,0.0,0.0,0,0,0.0,0.0
08/01/2019 22:00:00,2019-01-08 22:00:00,1.1228,1.1238,1.1228,1.1236,2731,0.0,0.0,0.0,0,1.1228835000000001,66.53440735104024,0.0,0.0,0.0,0.0,0,0,1.1238,0.0
08/01/2019 23:00:00,2019-01-08 23:00:00,1.1236,1.1238,1.1234,1.1234,2940,0.0,0.0,0.0,0,1.1228940000000003,59.94890780522428,0.0,0.0,0.0,0.0,0,0,1.1238,0.0
09/01/2019 00:00:00,2019-01-09 00:00:00,1.1234,1.1239,1.1233,1.1239,2655,0.0,0.0,0.0,0,1.1229225000000003,68.92104069462175,0.0,0.0,0.0,0.0,0,0,1.1239,0.0
09/01/2019 01:00:00,2019-01-09 01:00:00,1.1239,1.1242,1.1237,1.1239,2503,1.1239,0.0,1.1239,09/01/2019 01:00:00,1.1229800526315792,68.92104069462175,0.0,0.0,1.1239,0.0,1,0,1.1242,0.0
09/01/2019 02:00:00,2019-01-09 02:00:00,1.124,1.1247,1.1239,1.1246,1759,0.0,0.0,0.0,0,1.1230598421052633,78.21889680902973,78.21889680902973,0.0,0.0,0.0,0,0,1.1247,0.0
09/01/2019 03:00:00,2019-01-09 03:00:00,1.1246,1.1246,1.1243,1.1246,1864,1.1246,1.1246,1.1246,09/01/2019 03:00:00,1.1231533684210526,78.21889680902973,78.21889680902973,0.0,1.1246,0.0,1,0,1.1246,0.0
09/01/2019 04:00:00,2019-01-09 04:00:00,1.1246,1.1248,1.1243,1.1245,2272,0.0,0.0,0.0,0,1.1232526315789475,73.91890697334375,73.91890697334375,0.0,0.0,0.0,0,0,1.1248,0.0
09/01/2019 05:00:00,2019-01-09 05:00:00,1.1245,1.1247,1.1243,1.1245,2125,1.1245,0.0,1.1245,09/01/2019 05:00:00,1.1233442105263158,73.91890697334377,73.91890697334377,0.0,1.1245,0.0,1,0,1.1247,0.0
09/01/2019 06:00:00,2019-01-09 06:00:00,1.1245,1.1248,1.1242,1.1245,9216,1.1245,0.0,1.1245,09/01/2019 06:00:00,1.123423157894737,73.91890697334377,73.91890697334377,0.0,1.1245,0.0,1,0,1.1248,0.0
09/01/2019 07:00:00,2019-01-09 07:00:00,1.1245,1.1248,1.1237,1.1237,11597,0.0,0.0,0.0,0,1.1234784210526318,43.523419713963115,0.0,0.0,0.0,0.0,0,0,0.0,0.0
09/01/2019 08:00:00,2019-01-09 08:00:00,1.1237,1.1238,1.1228,1.123,10422,0.0,0.0,0.0,0,1.1235110526315792,30.655323080214824,0.0,0.0,0.0,0.0,0,0,0.0,0.0
09/01/2019 09:00:00,2019-01-09 09:00:00,1.1229,1.1231,1.1225,1.1227,8602,0.0,0.0,0.0,0,1.1235215789473685,26.707208060739852,0.0,26.707208060739852,0.0,0.0,0,0,0.0,0.0
09/01/2019 10:00:00,2019-01-09 10:00:00,1.1227,1.1236,1.1225,1.1234,7985,0.0,0.0,0.0,0,1.1235357894736844,45.73301764868199,0.0,0.0,0.0,0.0,0,0,0.0,0.0
09/01/2019 11:00:00,2019-01-09 11:00:00,1.1234,1.1235,1.1229,1.1235,9033,0.0,0.0,0.0,0,1.1235463157894738,47.98348085368032,0.0,0.0,0.0,0.0,0,0,0.0,0.0
09/01/2019 12:00:00,2019-01-09 12:00:00,1.1235,1.1237,1.122,1.1221,11465,0.0,0.0,0.0,0,1.1235384210526316,28.606774380232743,0.0,28.606774380232743,0.0,0.0,0,0,0.0,0.0
09/01/2019 13:00:00,2019-01-09 13:00:00,1.1221,1.1239,1.1209,1.1231,25601,0.0,0.0,0.0,0,1.1235564912280702,46.58262675561181,0.0,0.0,0.0,0.0,0,0,0.0,0.0
09/01/2019 14:00:00,2019-01-09 14:00:00,1.1231,1.1249,1.1229,1.1245,28639,0.0,0.0,0.0,0,1.1235876315789475,62.14892970031646,0.0,0.0,0.0,0.0,0,0,1.1249,0.0
09/01/2019 15:00:00,2019-01-09 15:00:00,1.1245,1.1265,1.1242,1.1255,23704,0.0,0.0,0.0,0,1.1236698245614034,69.54471605477575,0.0,0.0,0.0,0.0,0,0,1.1265,0.0
09/01/2019 16:00:00,2019-01-09 16:00:00,1.1255,1.1256,1.1249,1.1253,9641,0.0,0.0,0.0,0,1.1237894444444443,66.51232566558004,0.0,0.0,0.0,0.0,0,0,1.1256,0.0
09/01/2019 17:00:00,2019-01-09 17:00:00,1.1254,1.1258,1.1247,1.1253,8575,1.1253,0.0,1.1253,09/01/2019 17:00:00,1.1239106140350876,66.51232566558004,0.0,0.0,1.1253,0.0,1,0,1.1258,0.0
09/01/2019 18:00:00,2019-01-09 18:00:00,1.1253,1.1258,1.125,1.1256,18788,0.0,0.0,0.0,0,1.1240245614035085,69.24982141724657,0.0,0.0,0.0,0.0,0,0,1.1258,0.0
09/01/2019 19:00:00,2019-01-09 19:00:00,1.1256,1.126,1.1243,1.1244,10974,0.0,0.0,0.0,0,1.12408954248366,50.127159627063364,0.0,0.0,0.0,0.0,0,0,1.126,0.0
09/01/2019 20:00:00,2019-01-09 20:00:00,1.1245,1.1249,1.1243,1.1248,4243,0.0,0.0,0.0,0,1.124124183006536,54.96353011941322,0.0,0.0,0.0,0.0,0,0,1.1249,0.0
09/01/2019 21:00:00,2019-01-09 21:00:00,1.1247,1.1252,1.1242,1.1248,6164,1.1248,0.0,1.1248,09/01/2019 21:00:00,1.1241360130718956,54.96353011941322,0.0,0.0,1.1248,0.0,1,0,1.1252,0.0
09/01/2019 22:00:00,2019-01-09 22:00:00,1.1248,1.1257,1.1245,1.1254,7759,0.0,0.0,0.0,0,1.1241599264705884,62.406597243903285,0.0,0.0,0.0,0.0,0,0,0.0,0.0
09/01/2019 23:00:00,2019-01-09 23:00:00,1.1253,1.1254,1.1241,1.1248,8251,0.0,0.0,0.0,0,1.124204742647059,52.31888152918258,0.0,0.0,0.0,0.0,0,0,0.0,1.1241
10/01/2019 00:00:00,2019-01-10 00:00:00,1.1248,1.1249,1.1238,1.1239,9466,0.0,0.0,0.0,0,1.1243019166666666,40.78240444686186,0.0,0.0,0.0,0.0,0,0,0.0,1.1238
10/01/2019 01:00:00,2019-01-10 01:00:00,1.1239,1.1245,1.1238,1.1244,4569,0.0,0.0,0.0,0,1.1243972083333333,48.18739440783874,0.0,0.0,0.0,0.0,0,0,0.0,1.1238
10/01/2019 02:00:00,2019-01-10 02:00:00,1.1244,1.1249,1.1244,1.1244,6189,1.1244,0.0,1.1244,10/01/2019 02:00:00,1.1244809166666667,48.18739440783874,0.0,0.0,0.0,1.1244,0,1,0.0,1.1244
10/01/2019 03:00:00,2019-01-10 03:00:00,1.1244,1.1245,1.1239,1.1243,4264,1.1243,1.1243,1.1243,10/01/2019 03:00:00,1.1245873333333334,46.6010658968827,0.0,0.0,0.0,1.1243,0,1,0.0,1.1239
10/01/2019 04:00:00,2019-01-10 04:00:00,1.1243,1.1246,1.124,1.1244,3821,0.0,0.0,0.0,0,1.1246846666666666,48.57608636781337,0.0,0.0,0.0,0.0,0,0,0.0,0.0
10/01/2019 05:00:00,2019-01-10 05:00:00,1.1244,1.1248,1.1242,1.1243,3926,0.0,0.0,0.0,0,1.1247406666666664,46.566709697569685,0.0,0.0,0.0,0.0,0,0,0.0,0.0
10/01/2019 06:00:00,2019-01-10 06:00:00,1.1243,1.1254,1.1238,1.1252,17018,0.0,0.0,0.0,0,1.1247606666666665,62.747079890400585,0.0,0.0,0.0,0.0,0,0,0.0,0.0
10/01/2019 07:00:00,2019-01-10 07:00:00,1.1252,1.1257,1.1246,1.1251,20493,0.0,0.0,0.0,0,1.1247553333333333,60.37705586846739,0.0,0.0,0.0,0.0,0,0,0.0,0.0
10/01/2019 08:00:00,2019-01-10 08:00:00,1.1252,1.1255,1.1247,1.125,19120,0.0,0.0,0.0,0,1.124738,57.828759730707134,0.0,0.0,0.0,0.0,0,0,0.0,0.0
10/01/2019 09:00:00,2019-01-10 09:00:00,1.125,1.1261,1.1246,1.1253,13362,0.0,0.0,0.0,0,1.1247418333333332,63.256581382708056,0.0,0.0,0.0,0.0,0,0,0.0,0.0
10/01/2019 10:00:00,2019-01-10 10:00:00,1.1254,1.1264,1.1254,1.1264,12015,0.0,0.0,0.0,0,1.1247673749999998,76.3035710424376,76.3035710424376,0.0,0.0,0.0,0,0,0.0,0.0
10/01/2019 11:00:00,2019-01-10 11:00:00,1.1264,1.1273,1.1263,1.1272,12264,0.0,0.0,0.0,0,1.124857625,81.78995179698501,81.78995179698501,0.0,0.0,0.0,0,0,0.0,0.0
10/01/2019 12:00:00,2019-01-10 12:00:00,1.1272,1.1286,1.1272,1.128,17559,0.0,0.0,0.0,0,1.1250037499999999,85.66268555550093,85.66268555550093,0.0,0.0,0.0,0,0,0.0,0.0
10/01/2019 13:00:00,2019-01-10 13:00:00,1.128,1.1295,1.128,1.1291,20348,0.0,0.0,0.0,0,1.12521125,89.30975286684136,89.30975286684136,0.0,0.0,0.0,0,0,1.1295,0.0
10/01/2019 14:00:00,2019-01-10 14:00:00,1.1291,1.1302,1.1289,1.1295,22382,0.0,0.0,0.0,0,1.1254518749999998,90.3510401481207,90.3510401481207,0.0,0.0,0.0,0,0,1.1302,0.0
10/01/2019 15:00:00,2019-01-10 15:00:00,1.1295,1.1309,1.1293,1.1308,13001,0.0,0.0,0.0,0,1.1257524999999997,92.95351044625,92.95351044625,0.0,0.0,0.0,0,0,1.1309,0.0
10/01/2019 16:00:00,2019-01-10 16:00:00,1.1308,1.1309,1.1299,1.1309,13960,1.1309,1.1309,1.1309,10/01/2019 16:00:00,1.1260565073529414,93.12004124093811,93.12004124093811,0.0,1.1309,0.0,1,0,1.1309,0.0
10/01/2019 17:00:00,2019-01-10 17:00:00,1.1309,1.1311,1.1303,1.1311,14436,0.0,0.0,0.0,0,1.1263473978758172,93.47960227017732,93.47960227017732,0.0,0.0,0.0,0,0,1.1311,0.0
10/01/2019 18:00:00,2019-01-10 18:00:00,1.131,1.1318,1.131,1.1318,7033,0.0,0.0,0.0,0,1.126629399509804,94.6263567485385,94.6263567485385,0.0,0.0,0.0,0,0,1.1318,0.0
10/01/2019 19:00:00,2019-01-10 19:00:00,1.1318,1.1323,1.1316,1.1323,4918,0.0,0.0,0.0,0,1.1268548832866483,95.31324675791558,95.31324675791558,0.0,0.0,0.0,0,0,1.1323,0.0
10/01/2019 20:00:00,2019-01-10 20:00:00,1.1323,1.1324,1.1321,1.1322,2570,1.1322,0.0,1.1322,10/01/2019 20:00:00,1.1270433988957902,92.55276703439532,92.55276703439532,0.0,1.1322,0.0,1,0,1.1324,0.0
10/01/2019 21:00:00,2019-01-10 21:00:00,1.1322,1.1322,1.1312,1.1315,5574,0.0,0.0,0.0,0,1.127177637267081,74.84911723357155,74.84911723357155,0.0,0.0,0.0,0,0,1.1322,0.0
10/01/2019 22:00:00,2019-01-10 22:00:00,1.1314,1.1324,1.1314,1.1323,4803,0.0,0.0,0.0,0,1.1273234226469184,79.96013069013362,79.96013069013362,0.0,0.0,0.0,0,0,1.1324,0.0
10/01/2019 23:00:00,2019-01-10 23:00:00,1.1324,1.1329,1.1323,1.1323,4967,1.1323,0.0,1.1323,10/01/2019 23:00:00,1.127442175059723,79.96013069013362,79.96013069013362,0.0,1.1323,0.0,1,0,1.1329,0.0
11/01/2019 00:00:00,2019-01-11 00:00:00,1.1324,1.1332,1.132,1.1329,3413,0.0,0.0,0.0,0,1.1275850284577493,83.40311615135575,83.40311615135575,0.0,0.0,0.0,0,0,0.0,0.0
11/01/2019 01:00:00,2019-01-11 01:00:00,1.1329,1.1333,1.1328,1.1332,2701,0.0,0.0,0.0,0,1.1277477859037517,84.91494932678756,84.91494932678756,0.0,0.0,0.0,0,0,0.0,0.0
11/01/2019 02:00:00,2019-01-11 02:00:00,1.1332,1.1335,1.133,1.1334,2197,0.0,0.0,0.0,0,1.1279616100164205,85.91299735994674,85.91299735994674,0.0,0.0,0.0,0,0,0.0,0.0
11/01/2019 03:00:00,2019-01-11 03:00:00,1.1334,1.1334,1.1328,1.1331,2962,0.0,0.0,0.0,0,1.1281655995550612,76.99798262951066,76.99798262951066,0.0,0.0,0.0,0,0,0.0,0.0
11/01/2019 04:00:00,2019-01-11 04:00:00,1.1331,1.1332,1.1327,1.1329,2832,0.0,0.0,0.0,0,1.128300263929619,71.2476953115708,71.2476953115708,0.0,0.0,0.0,0,0,0.0,0.0
11/01/2019 05:00:00,2019-01-11 05:00:00,1.1328,1.1332,1.1327,1.1327,2741,0.0,0.0,0.0,0,1.1284199870047729,65.53754963917027,0.0,0.0,0.0,0.0,0,0,0.0,0.0
11/01/2019 06:00:00,2019-01-11 06:00:00,1.1327,1.1334,1.1319,1.1321,9065,0.0,0.0,0.0,0,1.1285205588194223,51.180919926194605,0.0,0.0,0.0,0.0,0,0,0.0,0.0
11/01/2019 07:00:00,2019-01-11 07:00:00,1.1321,1.1329,1.1321,1.1323,11351,0.0,0.0,0.0,0,1.1286652258721672,55.01332762873686,0.0,0.0,0.0,0.0,0,0,0.0,0.0
11/01/2019 08:00:00,2019-01-11 08:00:00,1.1323,1.1324,1.1309,1.1324,11754,0.0,0.0,0.0,0,1.1288494873949582,56.98319530776767,0.0,0.0,0.0,0.0,0,0,0.0,0.0
11/01/2019 09:00:00,2019-01-11 09:00:00,1.1324,1.133,1.132,1.1325,14643,0.0,0.0,0.0,0,1.129006,59.07393499797535,0.0,0.0,0.0,0.0,0,0,0.0,0.0
11/01/2019 10:00:00,2019-01-11 10:00:00,1.1325,1.134,1.1322,1.1337,12112,0.0,0.0,0.0,0,1.1291917936507936,75.64562591247893,75.64562591247893,0.0,0.0,0.0,0,0,0.0,0.0
11/01/2019 11:00:00,2019-01-11 11:00:00,1.1337,1.1339,1.1323,1.1326,9723,0.0,0.0,0.0,0,1.1293366222651222,52.78692933356782,0.0,0.0,0.0,0.0,0,0,0.0,0.0
11/01/2019 12:00:00,2019-01-11 12:00:00,1.1326,1.1327,1.1317,1.1319,13107,0.0,0.0,0.0,0,1.1294440129603287,43.114362201227266,0.0,0.0,0.0,0.0,0,0,0.0,0.0
11/01/2019 13:00:00,2019-01-11 13:00:00,1.1319,1.132,1.1292,1.1293,28822,0.0,0.0,0.0,0,1.129501299163536,24.032116794785747,0.0,24.032116794785747,0.0,0.0,0,0,0.0,0.0
11/01/2019 14:00:00,2019-01-11 14:00:00,1.1293,1.1297,1.1279,1.1285,19787,0.0,0.0,0.0,0,1.1296191859065545,20.73735316352967,0.0,20.73735316352967,0.0,0.0,0,0,0.0,0.0
11/01/2019 15:00:00,2019-01-11 15:00:00,1.1285,1.1285,1.1273,1.1282,12553,0.0,0.0,0.0,0,1.1297971694569064,19.56390007907159,0.0,19.56390007907159,0.0,0.0,0,0,0.0,0.0
11/01/2019 16:00:00,2019-01-11 16:00:00,1.1282,1.1287,1.1278,1.1286,8349,0.0,0.0,0.0,0,1.1300302280823333,26.0713482684027,0.0,26.0713482684027,0.0,0.0,0,0,0.0,0.0
11/01/2019 17:00:00,2019-01-11 17:00:00,1.1286,1.129,1.1284,1.1288,5057,0.0,0.0,0.0,0,1.1302966509517038,29.40302313027375,0.0,29.40302313027375,0.0,0.0,0,0,0.0,0.0
11/01/2019 18:00:00,2019-01-11 18:00:00,1.1288,1.1288,1.1283,1.1284,3900,0.0,0.0,0.0,0,1.1305631169152348,26.605358065910483,0.0,26.605358065910483,0.0,0.0,0,0,0.0,1.1283
11/01/2019 19:00:00,2019-01-11 19:00:00,1.1284,1.1287,1.1276,1.1276,6315,0.0,0.0,0.0,0,1.1308532322595706,21.77172790888443,0.0,21.77172790888443,0.0,0.0,0,0,0.0,1.1276
11/01/2019 20:00:00,2019-01-11 20:00:00,1.1276,1.1284,1.1276,1.1283,2485,0.0,0.0,0.0,0,1.131060289899024,34.010408292855466,0.0,0.0,0.0,0.0,0,0,0.0,1.1276
11/01/2019 21:00:00,2019-01-11 21:00:00,1.1282,1.1282,1.1282,1.1282,13,1.1282,0.0,1.1282,11/01/2019 21:00:00,1.1311622758538897,33.14613227093304,0.0,0.0,0.0,1.1282,0,1,0.0,1.1282
11/01/2019 22:00:00,2019-01-11 22:00:00,1.1274,1.1282,1.1274,1.1282,67,0.0,0.0,0.0,0,1.1311652568826474,33.14613227093303,0.0,0.0,0.0,0.0,0,0,0.0,1.1274
13/01/2019 19:00:00,2019-01-13 19:00:00,1.1282,1.1282,1.1279,1.1281,26,1.1281,1.1281,1.1281,13/01/2019 19:00:00,1.131070292388368,32.03798028840253,0.0,0.0,0.0,1.1281,0,1,0.0,1.1279
13/01/2019 20:00:00,2019-01-13 20:00:00,1.1281,1.1285,1.1281,1.1282,85,0.0,0.0,0.0,0,1.1309294499178981,34.58928400276522,0.0,0.0,0.0,0.0,0,0,0.0,1.1281
13/01/2019 21:00:00,2019-01-13 21:00:00,1.1281,1.1286,1.1275,1.1281,6934,1.1281,0.0,1.1281,13/01/2019 21:00:00,1.1307466388783631,33.137946983714606,0.0,0.0,0.0,1.1281,0,1,0.0,1.1275
13/01/2019 22:00:00,2019-01-13 22:00:00,1.1281,1.1283,1.1274,1.1277,3237,0.0,0.0,0.0,0,1.1305492124542125,27.71173037375186,0.0,27.71173037375186,0.0,0.0,0,0,0.0,0.0
13/01/2019 23:00:00,2019-01-13 23:00:00,1.1277,1.1282,1.1276,1.1279,1274,0.0,0.0,0.0,0,1.1302945435897436,34.014571536574856,0.0,0.0,0.0,0.0,0,0,0.0,0.0
14/01/2019 00:00:00,2019-01-14 00:00:00,1.1279,1.1285,1.1278,1.128,1422,0.0,0.0,0.0,0,1.1300506461538462,37.20822708123953,0.0,0.0,0.0,0.0,0,0,0.0,0.0
14/01/2019 01:00:00,2019-01-14 01:00:00,1.1281,1.1281,1.1276,1.1277,1700,0.0,0.0,0.0,0,1.1297677487179487,31.818277088611136,0.0,0.0,0.0,0.0,0,0,0.0,0.0
14/01/2019 02:00:00,2019-01-14 02:00:00,1.1277,1.1279,1.1275,1.1278,2401,0.0,0.0,0.0,0,1.1295207166666665,35.45439509246577,0.0,0.0,0.0,0.0,0,0,0.0,1.1275
14/01/2019 03:00:00,2019-01-14 03:00:00,1.1278,1.1283,1.1278,1.1282,1702,0.0,0.0,0.0,0,1.1293108,48.31689478966673,0.0,0.0,0.0,0.0,0,0,0.0,1.1278
14/01/2019 04:00:00,2019-01-14 04:00:00,1.1283,1.1287,1.1282,1.1285,2242,0.0,0.0,0.0,0,1.1291249999999997,55.990706697727475,0.0,0.0,0.0,0.0,0,0,0.0,1.1282
14/01/2019 05:00:00,2019-01-14 05:00:00,1.1285,1.1287,1.128,1.1285,2560,1.1285,0.0,1.1285,14/01/2019 05:00:00,1.1289574999999998,55.990706697727475,0.0,0.0,0.0,1.1285,0,1,0.0,1.128
14/01/2019 06:00:00,2019-01-14 06:00:00,1.1285,1.1288,1.1275,1.1284,11028,0.0,0.0,0.0,0,1.1287695833333333,52.456940342437676,0.0,0.0,0.0,0.0,0,0,0.0,0.0
